Datacenter,Datahall,Cabinet
Quebec - Canada,Island 1,X2401
Quebec - Canada,Island 1,X2402
Quebec - Canada,Island 1,X2403
Quebec - Canada,Island 1,X2404
Quebec - Canada,Island 1,X2405
Quebec - Canada,Island 1,X2406
Quebec - Canada,Island 1,X2407
Quebec - Canada,Island 1,X2408
Quebec - Canada,Island 1,X2409
Quebec - Canada,Island 1,X2410
Quebec - Canada,Island 1,X2411
Quebec - Canada,Island 1,X2412
Quebec - Canada,Island 1,X2413
Quebec - Canada,Island 1,X2414
Quebec - Canada,Island 1,X2415
Quebec - Canada,Island 1,X2416
Quebec - Canada,Island 1,X2501
Quebec - Canada,Island 1,X2502
Quebec - Canada,Island 1,X2503
Quebec - Canada,Island 1,X2504
Quebec - Canada,Island 1,X2505
Quebec - Canada,Island 1,X2506
Quebec - Canada,Island 1,X2507
Quebec - Canada,Island 1,X2508
Quebec - Canada,Island 1,X2509
Quebec - Canada,Island 1,X2510
Quebec - Canada,Island 1,X2511
Quebec - Canada,Island 1,X2512
Quebec - Canada,Island 1,X2513
Quebec - Canada,Island 1,X2514
Quebec - Canada,Island 1,X2515
Quebec - Canada,Island 1,X2516
Quebec - Canada,Island 1,X2601
Quebec - Canada,Island 1,X2602
Quebec - Canada,Island 1,X2603
Quebec - Canada,Island 1,X2604
Quebec - Canada,Island 1,X2605
Quebec - Canada,Island 1,X2609
Quebec - Canada,Island 1,X2610
Quebec - Canada,Island 1,X2611
Quebec - Canada,Island 1,X2612
Quebec - Canada,Island 1,X2613
Quebec - Canada,Island 1,X2701
Quebec - Canada,Island 1,X2702
Quebec - Canada,Island 1,X2703
Quebec - Canada,Island 1,X2704
Quebec - Canada,Island 1,X2705
Quebec - Canada,Island 1,X2706
Quebec - Canada,Island 1,X2707
Quebec - Canada,Island 1,X2708
Quebec - Canada,Island 1,X2709
Quebec - Canada,Island 1,X2710
Quebec - Canada,Island 1,X2711
Quebec - Canada,Island 1,X2712
Quebec - Canada,Island 1,X2713
Quebec - Canada,Island 1,X2714
Quebec - Canada,Island 1,X2715
Quebec - Canada,Island 1,X2716
Quebec - Canada,Island 1,X2801
Quebec - Canada,Island 1,X2802
Quebec - Canada,Island 1,X2803
Quebec - Canada,Island 1,X2804
Quebec - Canada,Island 1,X2805
Quebec - Canada,Island 1,X2806
Quebec - Canada,Island 1,X2807
Quebec - Canada,Island 1,X2808
Quebec - Canada,Island 1,X2809
Quebec - Canada,Island 1,X2810
Quebec - Canada,Island 1,X2811
Quebec - Canada,Island 1,X2812
Quebec - Canada,Island 1,X2813
Quebec - Canada,Island 1,X2814
Quebec - Canada,Island 1,X2815
Quebec - Canada,Island 1,X2816
Quebec - Canada,Island 1,X2901
Quebec - Canada,Island 1,X2902
Quebec - Canada,Island 1,X2903
Quebec - Canada,Island 1,X2904
Quebec - Canada,Island 1,X2905
Quebec - Canada,Island 1,X2909
Quebec - Canada,Island 1,X2910
Quebec - Canada,Island 1,X2911
Quebec - Canada,Island 1,X2912
Quebec - Canada,Island 1,X2913
Quebec - Canada,Island 1,X2606
Quebec - Canada,Island 1,X2614
Quebec - Canada,Island 1,X2906
Quebec - Canada,Island 1,X2914
Quebec - Canada,Island 1,X2607
Quebec - Canada,Island 1,X2608
Quebec - Canada,Island 1,X2615
Quebec - Canada,Island 1,X2616
Quebec - Canada,Island 1,X2907
Quebec - Canada,Island 1,X2908
Quebec - Canada,Island 1,X2915
Quebec - Canada,Island 1,X2916
Quebec - Canada,Island 12,X221301
Quebec - Canada,Island 12,X221302
Quebec - Canada,Island 12,X221303
Quebec - Canada,Island 12,X221304
Quebec - Canada,Island 12,X221305
Quebec - Canada,Island 12,X221306
Quebec - Canada,Island 12,X221307
Quebec - Canada,Island 12,X221308
Quebec - Canada,Island 12,X221309
Quebec - Canada,Island 12,X221310
Quebec - Canada,Island 12,X221311
Quebec - Canada,Island 12,X221312
Quebec - Canada,Island 12,X221313
Quebec - Canada,Island 12,X221314
Quebec - Canada,Island 12,X221315
Quebec - Canada,Island 12,X221316
Quebec - Canada,Island 12,X221317
Quebec - Canada,Island 12,X221318
Quebec - Canada,Island 12,X221319
Quebec - Canada,Island 12,X221320
Quebec - Canada,Island 12,X221321
Quebec - Canada,Island 12,X221322
Quebec - Canada,Island 12,X221323
Quebec - Canada,Island 12,X221324
Quebec - Canada,Island 12,X221325
Quebec - Canada,Island 12,X221401
Quebec - Canada,Island 12,X221402
Quebec - Canada,Island 12,X221403
Quebec - Canada,Island 12,X221404
Quebec - Canada,Island 12,X221405
Quebec - Canada,Island 12,X221406
Quebec - Canada,Island 12,X221407
Quebec - Canada,Island 12,X221408
Quebec - Canada,Island 12,X221409
Quebec - Canada,Island 12,X221410
Quebec - Canada,Island 12,X221411
Quebec - Canada,Island 12,X221412
Quebec - Canada,Island 12,X221413
Quebec - Canada,Island 12,X221414
Quebec - Canada,Island 12,X221415
Quebec - Canada,Island 12,X221416
Quebec - Canada,Island 12,X221417
Quebec - Canada,Island 12,X221418
Quebec - Canada,Island 12,X221501
Quebec - Canada,Island 12,X221502
Quebec - Canada,Island 12,X221503
Quebec - Canada,Island 12,X221504
Quebec - Canada,Island 12,X221505
Quebec - Canada,Island 12,X221506
Quebec - Canada,Island 12,X221507
Quebec - Canada,Island 12,X221508
Quebec - Canada,Island 12,X221509
Quebec - Canada,Island 12,X221510
Quebec - Canada,Island 12,X221511
Quebec - Canada,Island 12,X221512
Quebec - Canada,Island 12,X221513
Quebec - Canada,Island 12,X221514
Quebec - Canada,Island 12,X221515
Quebec - Canada,Island 12,X221516
Quebec - Canada,Island 12,X221517
Quebec - Canada,Island 12,X221518
Quebec - Canada,Island 12,X221601
Quebec - Canada,Island 12,X221602
Quebec - Canada,Island 12,X221603
Quebec - Canada,Island 12,X221604
Quebec - Canada,Island 12,X221605
Quebec - Canada,Island 12,X221606
Quebec - Canada,Island 12,X221607
Quebec - Canada,Island 12,X221608
Quebec - Canada,Island 12,X221609
Quebec - Canada,Island 12,X221610
Quebec - Canada,Island 12,X221611
Quebec - Canada,Island 12,X221612
Quebec - Canada,Island 12,X221613
Quebec - Canada,Island 12,X221614
Quebec - Canada,Island 12,X221615
Quebec - Canada,Island 12,X221616
Quebec - Canada,Island 12,X221617
Quebec - Canada,Island 12,X221618
Quebec - Canada,Island 8,X2101
Quebec - Canada,Island 8,X2102
Quebec - Canada,Island 8,X2103
Quebec - Canada,Island 8,X2104
Quebec - Canada,Island 8,X2105
Quebec - Canada,Island 8,X2106
Quebec - Canada,Island 8,X2107
Quebec - Canada,Island 8,X2108
Quebec - Canada,Island 8,X2109
Quebec - Canada,Island 8,X2110
Quebec - Canada,Island 8,X2111
Quebec - Canada,Island 8,X2112
Quebec - Canada,Island 8,X2113
Quebec - Canada,Island 8,X2114
Quebec - Canada,Island 8,X2115
Quebec - Canada,Island 8,X2116
Quebec - Canada,Island 8,X2201
Quebec - Canada,Island 8,X2202
Quebec - Canada,Island 8,X2203
Quebec - Canada,Island 8,X2204
Quebec - Canada,Island 8,X2205
Quebec - Canada,Island 8,X2206
Quebec - Canada,Island 8,X2207
Quebec - Canada,Island 8,X2208
Quebec - Canada,Island 8,X2209
Quebec - Canada,Island 8,X2210
Quebec - Canada,Island 8,X2211
Quebec - Canada,Island 8,X2212
Quebec - Canada,Island 8,X2213
Quebec - Canada,Island 8,X2214
Quebec - Canada,Island 8,X2215
Quebec - Canada,Island 8,X2216
Quebec - Canada,Island 8,X2301
Quebec - Canada,Island 8,X2302
Quebec - Canada,Island 8,X2303
Quebec - Canada,Island 8,X2304
Quebec - Canada,Island 8,X2305
Quebec - Canada,Island 8,X2306
Quebec - Canada,Island 8,X2307
Quebec - Canada,Island 8,X2308
Quebec - Canada,Island 8,X2309
Quebec - Canada,Island 8,X2310
Quebec - Canada,Island 8,X2311
Quebec - Canada,Island 8,X2312
Quebec - Canada,Island 8,X2313
Quebec - Canada,Island 8,X2314
Quebec - Canada,Island 8,X2315
Quebec - Canada,Island 8,X2316
Quebec - Canada,Green Nitrogen,X3502
Quebec - Canada,Green Nitrogen,X3504
Quebec - Canada,Green Nitrogen,X3505
Quebec - Canada,Green Nitrogen,X3507
Quebec - Canada,Green Nitrogen,X3508
Quebec - Canada,Green Nitrogen,X3509
Quebec - Canada,Green Nitrogen,X3510
Quebec - Canada,Green Nitrogen,X3512
Quebec - Canada,Green Nitrogen,X3513
Quebec - Canada,Green Nitrogen,X3514
Quebec - Canada,Green Nitrogen,X3515
Quebec - Canada,Green Nitrogen,X3516
Quebec - Canada,Green Nitrogen,X3401
Quebec - Canada,Green Nitrogen,X3402
Quebec - Canada,Green Nitrogen,X3403
Quebec - Canada,Green Nitrogen,X3404
Quebec - Canada,Green Nitrogen,X3405
Quebec - Canada,Green Nitrogen,X3406
Quebec - Canada,Green Nitrogen,X3407
Quebec - Canada,Green Nitrogen,X3408
Quebec - Canada,Green Nitrogen,X3409
Quebec - Canada,Green Nitrogen,X3410
Quebec - Canada,Green Nitrogen,X3411
Quebec - Canada,Green Nitrogen,X3412
Quebec - Canada,Green Nitrogen,X3413
Quebec - Canada,Green Nitrogen,X3414
Quebec - Canada,Green Nitrogen,X3415
Quebec - Canada,Green Nitrogen,X3416
Quebec - Canada,Green Nitrogen,X3801
Quebec - Canada,Green Nitrogen,X3802
Quebec - Canada,Green Nitrogen,X3803
Quebec - Canada,Green Nitrogen,X3804
Quebec - Canada,Green Nitrogen,X3805
Quebec - Canada,Green Nitrogen,X3806
Quebec - Canada,Green Nitrogen,X3807
Quebec - Canada,Green Nitrogen,X3808
Quebec - Canada,Green Nitrogen,X3809
Quebec - Canada,Green Nitrogen,X3810
Quebec - Canada,Green Nitrogen,X3811
Quebec - Canada,Green Nitrogen,X3812
Quebec - Canada,Green Nitrogen,X3813
Quebec - Canada,Green Nitrogen,X3814
Quebec - Canada,Green Nitrogen,X3815
Quebec - Canada,Green Nitrogen,X3816
Quebec - Canada,Green Nitrogen,X3703
Quebec - Canada,Green Nitrogen,X3704
Quebec - Canada,Green Nitrogen,X3701
Quebec - Canada,Green Nitrogen,X3702
Quebec - Canada,Island 9,X230101
Quebec - Canada,Island 9,X230102
Quebec - Canada,Island 9,X230103
Quebec - Canada,Island 9,X230104
Quebec - Canada,Island 9,X230105
Quebec - Canada,Island 9,X230106
Quebec - Canada,Island 9,X230107
Quebec - Canada,Island 9,X230108
Quebec - Canada,Island 9,X230109
Quebec - Canada,Island 9,X230110
Quebec - Canada,Island 9,X230111
Quebec - Canada,Island 9,X230112
Quebec - Canada,Island 9,X230113
Quebec - Canada,Island 9,X230114
Quebec - Canada,Island 9,X230115
Quebec - Canada,Island 9,X230116
Quebec - Canada,Island 9,X230117
Quebec - Canada,Island 9,X230118
Quebec - Canada,Island 9,X230201
Quebec - Canada,Island 9,X230202
Quebec - Canada,Island 9,X230203
Quebec - Canada,Island 9,X230204
Quebec - Canada,Island 9,X230205
Quebec - Canada,Island 9,X230206
Quebec - Canada,Island 9,X230207
Quebec - Canada,Island 9,X230208
Quebec - Canada,Island 9,X230209
Quebec - Canada,Island 9,X230210
Quebec - Canada,Island 9,X230211
Quebec - Canada,Island 9,X230212
Quebec - Canada,Island 9,X230213
Quebec - Canada,Island 9,X230214
Quebec - Canada,Island 9,X230215
Quebec - Canada,Island 9,X230216
Quebec - Canada,Island 9,X230217
Quebec - Canada,Island 9,X230218
Quebec - Canada,Island 9,X230301
Quebec - Canada,Island 9,X230302
Quebec - Canada,Island 9,X230303
Quebec - Canada,Island 9,X230304
Quebec - Canada,Island 9,X230305
Quebec - Canada,Island 9,X230306
Quebec - Canada,Island 9,X230307
Quebec - Canada,Island 9,X230308
Quebec - Canada,Island 9,X230309
Quebec - Canada,Island 9,X230310
Quebec - Canada,Island 9,X230311
Quebec - Canada,Island 9,X230312
Quebec - Canada,Island 9,X230313
Quebec - Canada,Island 9,X230314
Quebec - Canada,Island 9,X230315
Quebec - Canada,Island 9,X230316
Quebec - Canada,Island 9,X230317
Quebec - Canada,Island 9,X230318
Quebec - Canada,Island 9,X230319
Quebec - Canada,Island 9,X230401
Quebec - Canada,Island 9,X230402
Quebec - Canada,Island 9,X230403
Quebec - Canada,Island 9,X230404
Quebec - Canada,Island 9,X230405
Quebec - Canada,Island 9,X230406
Quebec - Canada,Island 9,X230407
Quebec - Canada,Island 9,X230408
Quebec - Canada,Island 9,X230409
Quebec - Canada,Island 9,X230410
Quebec - Canada,Island 9,X230411
Quebec - Canada,Island 9,X230412
Quebec - Canada,Island 9,X230413
Quebec - Canada,Island 9,X230414
Quebec - Canada,Island 9,X230415
Quebec - Canada,Island 9,X230416
Quebec - Canada,Island 9,X230417
Quebec - Canada,Island 9,X230418
Quebec - Canada,Island 10,X230501
Quebec - Canada,Island 10,X230502
Quebec - Canada,Island 10,X230503
Quebec - Canada,Island 10,X230504
Quebec - Canada,Island 10,X230505
Quebec - Canada,Island 10,X230506
Quebec - Canada,Island 10,X230507
Quebec - Canada,Island 10,X230508
Quebec - Canada,Island 10,X230509
Quebec - Canada,Island 10,X230510
Quebec - Canada,Island 10,X230511
Quebec - Canada,Island 10,X230512
Quebec - Canada,Island 10,X230513
Quebec - Canada,Island 10,X230514
Quebec - Canada,Island 10,X230515
Quebec - Canada,Island 10,X230516
Quebec - Canada,Island 10,X230517
Quebec - Canada,Island 10,X230518
Quebec - Canada,Island 10,X230601
Quebec - Canada,Island 10,X230602
Quebec - Canada,Island 10,X230603
Quebec - Canada,Island 10,X230604
Quebec - Canada,Island 10,X230605
Quebec - Canada,Island 10,X230606
Quebec - Canada,Island 10,X230607
Quebec - Canada,Island 10,X230608
Quebec - Canada,Island 10,X230609
Quebec - Canada,Island 10,X230610
Quebec - Canada,Island 10,X230611
Quebec - Canada,Island 10,X230612
Quebec - Canada,Island 10,X230613
Quebec - Canada,Island 10,X230614
Quebec - Canada,Island 10,X230615
Quebec - Canada,Island 10,X230616
Quebec - Canada,Island 10,X230617
Quebec - Canada,Island 10,X230618
Quebec - Canada,Island 10,X230701
Quebec - Canada,Island 10,X230702
Quebec - Canada,Island 10,X230703
Quebec - Canada,Island 10,X230704
Quebec - Canada,Island 10,X230705
Quebec - Canada,Island 10,X230706
Quebec - Canada,Island 10,X230707
Quebec - Canada,Island 10,X230708
Quebec - Canada,Island 10,X230709
Quebec - Canada,Island 10,X230710
Quebec - Canada,Island 10,X230711
Quebec - Canada,Island 10,X230712
Quebec - Canada,Island 10,X230713
Quebec - Canada,Island 10,X230714
Quebec - Canada,Island 10,X230715
Quebec - Canada,Island 10,X230716
Quebec - Canada,Island 10,X230717
Quebec - Canada,Island 10,X230718
Quebec - Canada,Island 10,X230719
Quebec - Canada,Island 10,X230801
Quebec - Canada,Island 10,X230802
Quebec - Canada,Island 10,X230803
Quebec - Canada,Island 10,X230804
Quebec - Canada,Island 10,X230805
Quebec - Canada,Island 10,X230806
Quebec - Canada,Island 10,X230807
Quebec - Canada,Island 10,X230808
Quebec - Canada,Island 10,X230809
Quebec - Canada,Island 10,X230810
Quebec - Canada,Island 10,X230811
Quebec - Canada,Island 10,X230812
Quebec - Canada,Island 10,X230813
Quebec - Canada,Island 10,X230814
Quebec - Canada,Island 10,X230815
Quebec - Canada,Island 10,X230816
Quebec - Canada,Island 10,X230817
Quebec - Canada,Island 10,X230818
Quebec - Canada,Island 11,X230901
Quebec - Canada,Island 11,X230902
Quebec - Canada,Island 11,X230903
Quebec - Canada,Island 11,X230904
Quebec - Canada,Island 11,X230905
Quebec - Canada,Island 11,X230906
Quebec - Canada,Island 11,X230907
Quebec - Canada,Island 11,X230908
Quebec - Canada,Island 11,X230909
Quebec - Canada,Island 11,X230910
Quebec - Canada,Island 11,X230911
Quebec - Canada,Island 11,X230912
Quebec - Canada,Island 11,X230913
Quebec - Canada,Island 11,X230914
Quebec - Canada,Island 11,X230915
Quebec - Canada,Island 11,X230916
Quebec - Canada,Island 11,X230917
Quebec - Canada,Island 11,X230918
Quebec - Canada,Island 11,X230919
Quebec - Canada,Island 11,X231001
Quebec - Canada,Island 11,X231002
Quebec - Canada,Island 11,X231003
Quebec - Canada,Island 11,X231004
Quebec - Canada,Island 11,X231005
Quebec - Canada,Island 11,X231006
Quebec - Canada,Island 11,X231007
Quebec - Canada,Island 11,X231008
Quebec - Canada,Island 11,X231009
Quebec - Canada,Island 11,X231010
Quebec - Canada,Island 11,X231011
Quebec - Canada,Island 11,X231012
Quebec - Canada,Island 11,X231013
Quebec - Canada,Island 11,X231014
Quebec - Canada,Island 11,X231015
Quebec - Canada,Island 11,X231016
Quebec - Canada,Island 11,X231017
Quebec - Canada,Island 11,X231018
Quebec - Canada,Island 11,X231101
Quebec - Canada,Island 11,X231102
Quebec - Canada,Island 11,X231103
Quebec - Canada,Island 11,X231104
Quebec - Canada,Island 11,X231105
Quebec - Canada,Island 11,X231106
Quebec - Canada,Island 11,X231107
Quebec - Canada,Island 11,X231108
Quebec - Canada,Island 11,X231109
Quebec - Canada,Island 11,X231110
Quebec - Canada,Island 11,X231111
Quebec - Canada,Island 11,X231112
Quebec - Canada,Island 11,X231113
Quebec - Canada,Island 11,X231114
Quebec - Canada,Island 11,X231115
Quebec - Canada,Island 11,X231116
Quebec - Canada,Island 11,X231117
Quebec - Canada,Island 11,X231118
Quebec - Canada,Island 11,X231201
Quebec - Canada,Island 11,X231202
Quebec - Canada,Island 11,X231203
Quebec - Canada,Island 11,X231204
Quebec - Canada,Island 11,X231205
Quebec - Canada,Island 11,X231206
Quebec - Canada,Island 11,X231207
Quebec - Canada,Island 11,X231208
Quebec - Canada,Island 11,X231209
Quebec - Canada,Island 11,X231210
Quebec - Canada,Island 11,X231211
Quebec - Canada,Island 11,X231212
Quebec - Canada,Island 11,X231213
Quebec - Canada,Island 11,X231214
Quebec - Canada,Island 11,X231215
Quebec - Canada,Island 11,X231216
Quebec - Canada,Island 11,X231217
Quebec - Canada,Island 11,X231218
Enebakk - Norway,Island 1,X1118
Enebakk - Norway,Island 1,X1117
Enebakk - Norway,Island 1,X1116
Enebakk - Norway,Island 1,X1115
Enebakk - Norway,Island 1,X1114
Enebakk - Norway,Island 1,X1113
Enebakk - Norway,Island 1,X1112
Enebakk - Norway,Island 1,X1111
Enebakk - Norway,Island 1,X1218
Enebakk - Norway,Island 1,X1217
Enebakk - Norway,Island 1,X1216
Enebakk - Norway,Island 1,X1215
Enebakk - Norway,Island 1,X1214
Enebakk - Norway,Island 1,X1213
Enebakk - Norway,Island 1,X1212
Enebakk - Norway,Island 1,X1211
Enebakk - Norway,Island 1,X1210
Enebakk - Norway,Island 1,X1209
Enebakk - Norway,Island 1,X1110
Enebakk - Norway,Island 1,X1109
Enebakk - Norway,Island 1,X1108
Enebakk - Norway,Island 1,X1107
Enebakk - Norway,Island 1,X1106
Enebakk - Norway,Island 1,X1105
Enebakk - Norway,Island 1,X1104
Enebakk - Norway,Island 1,X1103
Enebakk - Norway,Island 1,X1102
Enebakk - Norway,Island 1,X1101
Enebakk - Norway,Island 1,X1208
Enebakk - Norway,Island 1,X1207
Enebakk - Norway,Island 1,X1206
Enebakk - Norway,Island 1,X1205
Enebakk - Norway,Island 1,X1204
Enebakk - Norway,Island 1,X1203
Enebakk - Norway,Island 1,X1202
Enebakk - Norway,Island 1,X1201
Enebakk - Norway,Island 1,X1318
Enebakk - Norway,Island 1,X1317
Enebakk - Norway,Island 1,X1316
Enebakk - Norway,Island 1,X1315
Enebakk - Norway,Island 1,X1314
Enebakk - Norway,Island 1,X1313
Enebakk - Norway,Island 1,X1312
Enebakk - Norway,Island 1,X1311
Enebakk - Norway,Island 1,X1418
Enebakk - Norway,Island 1,X1417
Enebakk - Norway,Island 1,X1416
Enebakk - Norway,Island 1,X1415
Enebakk - Norway,Island 1,X1414
Enebakk - Norway,Island 1,X1413
Enebakk - Norway,Island 1,X1412
Enebakk - Norway,Island 1,X1411
Enebakk - Norway,Island 1,X1410
Enebakk - Norway,Island 1,X1409
Enebakk - Norway,Island 1,X1310
Enebakk - Norway,Island 1,X1309
Enebakk - Norway,Island 1,X1308
Enebakk - Norway,Island 1,X1307
Enebakk - Norway,Island 1,X1306
Enebakk - Norway,Island 1,X1305
Enebakk - Norway,Island 1,X1304
Enebakk - Norway,Island 1,X1303
Enebakk - Norway,Island 1,X1302
Enebakk - Norway,Island 1,X1301
Enebakk - Norway,Island 1,X1408
Enebakk - Norway,Island 1,X1407
Enebakk - Norway,Island 1,X1406
Enebakk - Norway,Island 1,X1405
Enebakk - Norway,Island 1,X1404
Enebakk - Norway,Island 1,X1403
Enebakk - Norway,Island 1,X1402
Enebakk - Norway,Island 1,X1401
Rjukan - Norway,Island 1,X2101
Rjukan - Norway,Island 1,X2102
Rjukan - Norway,Island 1,X2103
Rjukan - Norway,Island 1,X2104
Rjukan - Norway,Island 1,X2105
Rjukan - Norway,Island 1,X2106
Rjukan - Norway,Island 1,X2107
Rjukan - Norway,Island 1,X2108
Rjukan - Norway,Island 1,X2109
Rjukan - Norway,Island 1,X2110
Rjukan - Norway,Island 1,X2111
Rjukan - Norway,Island 1,X2112
Rjukan - Norway,Island 1,X2113
Rjukan - Norway,Island 1,X2114
Rjukan - Norway,Island 1,X2115
Rjukan - Norway,Island 1,X2116
Rjukan - Norway,Island 1,X2117
Rjukan - Norway,Island 1,X2118
Rjukan - Norway,Island 1,X2201
Rjukan - Norway,Island 1,X2202
Rjukan - Norway,Island 1,X2203
Rjukan - Norway,Island 1,X2204
Rjukan - Norway,Island 1,X2205
Rjukan - Norway,Island 1,X2206
Rjukan - Norway,Island 1,X2207
Rjukan - Norway,Island 1,X2208
Rjukan - Norway,Island 1,X2209
Rjukan - Norway,Island 1,X2210
Rjukan - Norway,Island 1,X2211
Rjukan - Norway,Island 1,X2212
Rjukan - Norway,Island 1,X2213
Rjukan - Norway,Island 1,X2214
Rjukan - Norway,Island 1,X2215
Rjukan - Norway,Island 1,X2216
Rjukan - Norway,Island 1,X2217
Rjukan - Norway,Island 1,X2218
Rjukan - Norway,Island 1,X2301
Rjukan - Norway,Island 1,X2302
Rjukan - Norway,Island 1,X2303
Rjukan - Norway,Island 1,X2304
Rjukan - Norway,Island 1,X2305
Rjukan - Norway,Island 1,X2306
Rjukan - Norway,Island 1,X2307
Rjukan - Norway,Island 1,X2308
Rjukan - Norway,Island 1,X2309
Rjukan - Norway,Island 1,X2310
Rjukan - Norway,Island 1,X2311
Rjukan - Norway,Island 1,X2312
Rjukan - Norway,Island 1,X2313
Rjukan - Norway,Island 1,X2314
Rjukan - Norway,Island 1,X2315
Rjukan - Norway,Island 1,X2316
Rjukan - Norway,Island 1,X2317
Rjukan - Norway,Island 1,X2318
Rjukan - Norway,Island 1,X2319
Rjukan - Norway,Island 1,X2401
Rjukan - Norway,Island 1,X2402
Rjukan - Norway,Island 1,X2403
Rjukan - Norway,Island 1,X2404
Rjukan - Norway,Island 1,X2405
Rjukan - Norway,Island 1,X2406
Rjukan - Norway,Island 1,X2407
Rjukan - Norway,Island 1,X2408
Rjukan - Norway,Island 1,X2409
Rjukan - Norway,Island 1,X2410
Rjukan - Norway,Island 1,X2411
Rjukan - Norway,Island 1,X2412
Rjukan - Norway,Island 1,X2413
Rjukan - Norway,Island 1,X2414
Rjukan - Norway,Island 1,X2415
Rjukan - Norway,Island 1,X2416
Rjukan - Norway,Island 1,X2417
Rjukan - Norway,Island 1,X2418
Dallas - United States,Island 1,X1101
Dallas - United States,Island 1,X1102
Dallas - United States,Island 1,X1103
Dallas - United States,Island 1,X1104
Dallas - United States,Island 1,X1105
Dallas - United States,Island 1,X1106
Dallas - United States,Island 1,X1107
Dallas - United States,Island 1,X1108
Dallas - United States,Island 1,X1109
Dallas - United States,Island 1,X1301
Dallas - United States,Island 1,X1302
Dallas - United States,Island 1,X1303
Dallas - United States,Island 1,X1304
Dallas - United States,Island 1,X1305
Dallas - United States,Island 1,X1306
Dallas - United States,Island 1,X1307
Dallas - United States,Island 1,X1308
Dallas - United States,Island 1,X1309
Dallas - United States,Island 1,AGG1
Dallas - United States,Island 1,X1118
Dallas - United States,Island 1,X1117
Dallas - United States,Island 1,X1116
Dallas - United States,Island 1,X1115
Dallas - United States,Island 1,X1114
Dallas - United States,Island 1,X1113
Dallas - United States,Island 1,X1112
Dallas - United States,Island 1,X1111
Dallas - United States,Island 1,X1110
Dallas - United States,Island 1,X1318
Dallas - United States,Island 1,X1317
Dallas - United States,Island 1,X1316
Dallas - United States,Island 1,X1315
Dallas - United States,Island 1,X1314
Dallas - United States,Island 1,X1313
Dallas - United States,Island 1,X1312
Dallas - United States,Island 1,X1311
Dallas - United States,Island 1,X1310
Dallas - United States,Island 1,X1201
Dallas - United States,Island 1,X1202
Dallas - United States,Island 1,X1203
Dallas - United States,Island 1,X1204
Dallas - United States,Island 1,X1205
Dallas - United States,Island 1,X1206
Dallas - United States,Island 1,X1207
Dallas - United States,Island 1,X1208
Dallas - United States,Island 1,X1209
Dallas - United States,Island 1,X1401
Dallas - United States,Island 1,X1402
Dallas - United States,Island 1,X1403
Dallas - United States,Island 1,X1404
Dallas - United States,Island 1,X1405
Dallas - United States,Island 1,X1406
Dallas - United States,Island 1,X1407
Dallas - United States,Island 1,X1408
Dallas - United States,Island 1,X1409
Dallas - United States,Island 1,X1218
Dallas - United States,Island 1,X1217
Dallas - United States,Island 1,X1216
Dallas - United States,Island 1,X1215
Dallas - United States,Island 1,X1214
Dallas - United States,Island 1,X1213
Dallas - United States,Island 1,X1212
Dallas - United States,Island 1,X1211
Dallas - United States,Island 1,X1210
Dallas - United States,Island 1,X1418
Dallas - United States,Island 1,X1417
Dallas - United States,Island 1,X1416
Dallas - United States,Island 1,X1415
Dallas - United States,Island 1,X1414
Dallas - United States,Island 1,X1413
Dallas - United States,Island 1,X1412
Dallas - United States,Island 1,X1411
Dallas - United States,Island 1,X1410
Dallas - United States,Island 2,X2101
Dallas - United States,Island 2,X2102
Dallas - United States,Island 2,X2103
Dallas - United States,Island 2,X2104
Dallas - United States,Island 2,X2105
Dallas - United States,Island 2,X2106
Dallas - United States,Island 2,X2107
Dallas - United States,Island 2,X2108
Dallas - United States,Island 2,X2109
Dallas - United States,Island 2,X2301
Dallas - United States,Island 2,X2302
Dallas - United States,Island 2,X2303
Dallas - United States,Island 2,X2304
Dallas - United States,Island 2,X2305
Dallas - United States,Island 2,X2306
Dallas - United States,Island 2,X2307
Dallas - United States,Island 2,X2308
Dallas - United States,Island 2,X2309
Dallas - United States,Island 2,AGG2
Dallas - United States,Island 2,X2118
Dallas - United States,Island 2,X2117
Dallas - United States,Island 2,X2116
Dallas - United States,Island 2,X2115
Dallas - United States,Island 2,X2114
Dallas - United States,Island 2,X2113
Dallas - United States,Island 2,X2112
Dallas - United States,Island 2,X2111
Dallas - United States,Island 2,X2110
Dallas - United States,Island 2,X2318
Dallas - United States,Island 2,X2317
Dallas - United States,Island 2,X2316
Dallas - United States,Island 2,X2315
Dallas - United States,Island 2,X2314
Dallas - United States,Island 2,X2313
Dallas - United States,Island 2,X2312
Dallas - United States,Island 2,X2311
Dallas - United States,Island 2,X2310
Dallas - United States,Island 2,X2201
Dallas - United States,Island 2,X2202
Dallas - United States,Island 2,X2203
Dallas - United States,Island 2,X2204
Dallas - United States,Island 2,X2205
Dallas - United States,Island 2,X2206
Dallas - United States,Island 2,X2207
Dallas - United States,Island 2,X2208
Dallas - United States,Island 2,X2209
Dallas - United States,Island 2,X2401
Dallas - United States,Island 2,X2402
Dallas - United States,Island 2,X2403
Dallas - United States,Island 2,X2404
Dallas - United States,Island 2,X2405
Dallas - United States,Island 2,X2406
Dallas - United States,Island 2,X2407
Dallas - United States,Island 2,X2408
Dallas - United States,Island 2,X2409
Dallas - United States,Island 2,X2218
Dallas - United States,Island 2,X2217
Dallas - United States,Island 2,X2216
Dallas - United States,Island 2,X2215
Dallas - United States,Island 2,X2214
Dallas - United States,Island 2,X2213
Dallas - United States,Island 2,X2212
Dallas - United States,Island 2,X2211
Dallas - United States,Island 2,X2210
Dallas - United States,Island 2,X2418
Dallas - United States,Island 2,X2417
Dallas - United States,Island 2,X2416
Dallas - United States,Island 2,X2415
Dallas - United States,Island 2,X2414
Dallas - United States,Island 2,X2413
Dallas - United States,Island 2,X2412
Dallas - United States,Island 2,X2411
Dallas - United States,Island 2,X2410
Dallas - United States,Island 3,AGG3
Dallas - United States,Island 3,X3101
Dallas - United States,Island 3,X3102
Dallas - United States,Island 3,X3103
Dallas - United States,Island 3,X3104
Dallas - United States,Island 3,X3105
Dallas - United States,Island 3,X3106
Dallas - United States,Island 3,X3107
Dallas - United States,Island 3,X3108
Dallas - United States,Island 3,X3109
Dallas - United States,Island 3,X3301
Dallas - United States,Island 3,X3302
Dallas - United States,Island 3,X3303
Dallas - United States,Island 3,X3304
Dallas - United States,Island 3,X3305
Dallas - United States,Island 3,X3306
Dallas - United States,Island 3,X3307
Dallas - United States,Island 3,X3308
Dallas - United States,Island 3,X3309
Dallas - United States,Island 3,X3118
Dallas - United States,Island 3,X3117
Dallas - United States,Island 3,X3116
Dallas - United States,Island 3,X3115
Dallas - United States,Island 3,X3114
Dallas - United States,Island 3,X3113
Dallas - United States,Island 3,X3112
Dallas - United States,Island 3,X3111
Dallas - United States,Island 3,X3110
Dallas - United States,Island 3,X3318
Dallas - United States,Island 3,X3317
Dallas - United States,Island 3,X3316
Dallas - United States,Island 3,X3315
Dallas - United States,Island 3,X3314
Dallas - United States,Island 3,X3313
Dallas - United States,Island 3,X3312
Dallas - United States,Island 3,X3311
Dallas - United States,Island 3,X3310
Dallas - United States,Island 3,X3201
Dallas - United States,Island 3,X3202
Dallas - United States,Island 3,X3203
Dallas - United States,Island 3,X3204
Dallas - United States,Island 3,X3205
Dallas - United States,Island 3,X3206
Dallas - United States,Island 3,X3207
Dallas - United States,Island 3,X3208
Dallas - United States,Island 3,X3209
Dallas - United States,Island 3,X3401
Dallas - United States,Island 3,X3402
Dallas - United States,Island 3,X3403
Dallas - United States,Island 3,X3404
Dallas - United States,Island 3,X3405
Dallas - United States,Island 3,X3406
Dallas - United States,Island 3,X3407
Dallas - United States,Island 3,X3408
Dallas - United States,Island 3,X3409
Dallas - United States,Island 3,X3218
Dallas - United States,Island 3,X3217
Dallas - United States,Island 3,X3216
Dallas - United States,Island 3,X3215
Dallas - United States,Island 3,X3214
Dallas - United States,Island 3,X3213
Dallas - United States,Island 3,X3212
Dallas - United States,Island 3,X3211
Dallas - United States,Island 3,X3210
Dallas - United States,Island 3,X3418
Dallas - United States,Island 3,X3417
Dallas - United States,Island 3,X3416
Dallas - United States,Island 3,X3415
Dallas - United States,Island 3,X3414
Dallas - United States,Island 3,X3413
Dallas - United States,Island 3,X3412
Dallas - United States,Island 3,X3411
Dallas - United States,Island 3,X3410
Dallas - United States,Island 4,AGG4
Dallas - United States,Island 4,X4101
Dallas - United States,Island 4,X4102
Dallas - United States,Island 4,X4103
Dallas - United States,Island 4,X4104
Dallas - United States,Island 4,X4105
Dallas - United States,Island 4,X4106
Dallas - United States,Island 4,X4107
Dallas - United States,Island 4,X4108
Dallas - United States,Island 4,X4109
Dallas - United States,Island 4,X4301
Dallas - United States,Island 4,X4302
Dallas - United States,Island 4,X4303
Dallas - United States,Island 4,X4304
Dallas - United States,Island 4,X4305
Dallas - United States,Island 4,X4306
Dallas - United States,Island 4,X4307
Dallas - United States,Island 4,X4308
Dallas - United States,Island 4,X4309
Dallas - United States,Island 4,X4118
Dallas - United States,Island 4,X4117
Dallas - United States,Island 4,X4116
Dallas - United States,Island 4,X4115
Dallas - United States,Island 4,X4114
Dallas - United States,Island 4,X4113
Dallas - United States,Island 4,X4112
Dallas - United States,Island 4,X4111
Dallas - United States,Island 4,X4110
Dallas - United States,Island 4,X4318
Dallas - United States,Island 4,X4317
Dallas - United States,Island 4,X4316
Dallas - United States,Island 4,X4315
Dallas - United States,Island 4,X4314
Dallas - United States,Island 4,X4313
Dallas - United States,Island 4,X4312
Dallas - United States,Island 4,X4311
Dallas - United States,Island 4,X4310
Dallas - United States,Island 4,X4201
Dallas - United States,Island 4,X4202
Dallas - United States,Island 4,X4203
Dallas - United States,Island 4,X4204
Dallas - United States,Island 4,X4205
Dallas - United States,Island 4,X4206
Dallas - United States,Island 4,X4207
Dallas - United States,Island 4,X4208
Dallas - United States,Island 4,X4209
Dallas - United States,Island 4,X4401
Dallas - United States,Island 4,X4402
Dallas - United States,Island 4,X4403
Dallas - United States,Island 4,X4404
Dallas - United States,Island 4,X4405
Dallas - United States,Island 4,X4406
Dallas - United States,Island 4,X4407
Dallas - United States,Island 4,X4408
Dallas - United States,Island 4,X4409
Dallas - United States,Island 4,X4218
Dallas - United States,Island 4,X4217
Dallas - United States,Island 4,X4216
Dallas - United States,Island 4,X4215
Dallas - United States,Island 4,X4214
Dallas - United States,Island 4,X4213
Dallas - United States,Island 4,X4212
Dallas - United States,Island 4,X4211
Dallas - United States,Island 4,X4210
Dallas - United States,Island 4,X4418
Dallas - United States,Island 4,X4417
Dallas - United States,Island 4,X4416
Dallas - United States,Island 4,X4415
Dallas - United States,Island 4,X4414
Dallas - United States,Island 4,X4413
Dallas - United States,Island 4,X4412
Dallas - United States,Island 4,X4411
Dallas - United States,Island 4,X4410
Houston - United States,H20 Lab,X3000
Houston - United States,H20 Lab,X3001
Houston - United States,H20 Lab,X3003
Houston - United States,H20 Lab,X3004
Houston - United States,H20 Lab,X3005
Houston - United States,H20 Lab,X3006
Houston - United States,H20 Lab,X3008
Houston - United States,H20 Lab,X3101
Houston - United States,H20 Lab,X3102
Houston - United States,H20 Lab,X3104
Houston - United States,H20 Lab,X3105
Houston - United States,H20 Lab,X3106
Houston - United States,H20 Lab,X3107
Houston - United States,H20 Lab,X3109
Houston - United States,H20 Lab,X3110
Houston - United States,H20 Lab,X3111
Houston - United States,H20 Lab,X3112
Houston - United States,H20 Lab,X3113
Houston - United States,H20 Lab,X3114
Houston - United States,H20 Lab,X3116